City_ID,City,Country,Lat,Lng,Max Temp,Humidity,Cloudiness,Wind Speed,Current Description
0,Santona,ES,43.4439,-3.4576,22.17,90,100,3.85,overcast clouds
1,Hithadhoo,MV,-0.6,73.0833,27.8,71,76,1.18,broken clouds
2,Chernyshevskiy,RU,63.0128,112.4714,8.94,84,100,2.62,overcast clouds
3,Tadine,NC,-21.55,167.8833,23.47,67,100,8.18,overcast clouds
4,Praxedis Guerrero,MX,31.3667,-106.0167,31.72,26,44,1.13,scattered clouds
5,Georgetown,MY,5.4112,100.3354,29.96,85,20,2.24,few clouds
6,Lebu,CL,-37.6167,-73.65,9.26,85,100,2.28,overcast clouds
7,Thompson,CA,55.7435,-97.8558,17.0,45,0,2.14,clear sky
8,New Norfolk,AU,-42.7826,147.0587,12.18,87,100,0.89,overcast clouds
9,Avarua,CK,-21.2078,-159.775,24.03,88,100,2.06,overcast clouds
10,Cockburn Town,TC,21.4612,-71.1419,27.66,79,16,5.95,few clouds
11,Jamestown,US,42.097,-79.2353,18.8,63,0,2.06,clear sky
12,Keroka,KE,-0.7758,34.9453,12.38,87,100,0.89,overcast clouds
13,Barrow,US,71.2906,-156.7887,2.01,87,100,2.57,mist
14,Luderitz,NA,-26.6481,15.1594,11.41,68,21,2.9,few clouds
15,Esperance,AU,-33.8667,121.9,12.91,62,79,7.92,broken clouds
16,Rikitea,PF,-23.1203,-134.9692,23.08,80,83,9.1,broken clouds
17,Busselton,AU,-33.65,115.3333,14.25,63,23,2.29,few clouds
18,Acajutla,SV,13.5928,-89.8275,26.74,82,81,2.11,broken clouds
19,Broken Hill,AU,-31.95,141.4333,13.95,50,23,7.24,few clouds
20,Saskylakh,RU,71.9167,114.0833,11.56,49,68,2.7,broken clouds
21,Hualmay,PE,-11.0964,-77.6139,16.51,83,38,4.04,scattered clouds
22,Beian,NO,63.6559,9.5683,13.34,94,75,2.06,broken clouds
23,Mar Del Plata,AR,-38.0023,-57.5575,13.94,70,3,10.28,light rain
24,Punta Arenas,CL,-53.15,-70.9167,2.84,86,100,2.21,overcast clouds
25,Bethel,US,41.3712,-73.414,20.27,75,6,1.11,clear sky
26,Bathsheba,BB,13.2167,-59.5167,27.21,82,99,3.69,overcast clouds
27,Erzin,TR,36.9559,36.2,24.28,87,69,1.26,broken clouds
28,Guerrero Negro,MX,27.9769,-114.0611,23.93,75,1,7.11,clear sky
29,Ushuaia,AR,-54.8,-68.3,2.81,81,75,7.72,broken clouds
30,Juneau,US,58.3019,-134.4197,16.79,100,92,2.25,overcast clouds
31,Porto Novo,BJ,6.4965,2.6036,23.37,91,100,4.93,light rain
32,Lhokseumawe,ID,5.1801,97.1507,26.64,82,96,1.12,moderate rain
33,Gwadar,PK,25.1216,62.3254,28.11,84,67,4.11,broken clouds
34,Bredasdorp,ZA,-34.5322,20.0403,10.06,84,60,7.42,light rain
35,Charters Towers,AU,-20.1,146.2667,22.69,24,3,3.82,clear sky
36,Pevek,RU,69.7008,170.3133,1.26,80,12,4.46,few clouds
37,Castro,BR,-24.7911,-50.0119,11.79,75,100,1.45,overcast clouds
38,Anadyr,RU,64.75,177.4833,10.0,61,73,4.92,broken clouds
39,Souillac,MU,-20.5167,57.5167,20.21,77,75,7.2,broken clouds
40,Port Hedland,AU,-20.3167,118.5667,29.03,30,8,4.63,clear sky
41,Zabol,AF,32.25,67.25,23.88,50,100,3.7,overcast clouds
42,Kruisfontein,ZA,-34.0033,24.7314,8.82,78,11,6.64,few clouds
43,Vaini,TO,-21.2,-175.2,21.7,61,95,9.64,overcast clouds
44,Hobart,AU,-42.8794,147.3294,12.37,97,75,3.09,broken clouds
45,Vestmanna,FO,62.1564,-7.1664,9.51,100,100,2.06,light rain
46,Fortuna,US,40.5982,-124.1573,20.05,72,20,4.63,few clouds
47,Albany,US,42.6001,-73.9662,19.08,69,56,1.48,broken clouds
48,Teya,RU,60.3778,92.6267,16.0,54,99,1.17,overcast clouds
49,Olafsvik,IS,64.8945,-23.7142,8.98,76,44,1.73,light rain
50,Upernavik,GL,72.7868,-56.1549,6.93,73,100,2.24,overcast clouds
51,Dongying,CN,37.4564,118.4856,27.84,90,100,2.3,overcast clouds
52,Kamenka,RU,51.3223,42.7678,19.22,78,100,3.7,overcast clouds
53,Tasiilaq,GL,65.6145,-37.6368,4.09,65,2,2.69,clear sky
54,Kaitangata,NZ,-46.2817,169.8464,10.86,60,0,5.2,clear sky
55,Williamsport,US,41.2412,-77.0011,19.03,69,26,0.98,scattered clouds
56,Cape Town,ZA,-33.9258,18.4232,12.99,81,42,2.24,light rain
57,Pandan,PH,14.0453,124.1694,30.82,65,100,1.06,overcast clouds
58,Ribnitz-Damgarten,DE,54.25,12.4667,20.62,81,84,3.48,broken clouds
59,Kodiak,US,57.79,-152.4072,12.27,87,86,1.27,light rain
60,Kapaa,US,22.0752,-159.319,28.99,71,45,2.24,scattered clouds
61,Narsaq,GL,60.9167,-46.05,8.12,99,100,1.37,overcast clouds
62,Saint-Francois,FR,46.4154,3.9054,16.69,51,0,1.54,clear sky
63,Salalah,OM,17.0151,54.0924,23.88,98,100,3.93,overcast clouds
64,Hasaki,JP,35.7333,140.8333,30.16,89,100,6.95,overcast clouds
65,Puerto Ayora,EC,-0.7393,-90.3518,20.31,99,100,1.34,overcast clouds
66,Kokoda,PG,-8.8785,147.7407,31.0,59,96,2.27,overcast clouds
67,Giyani,ZA,-23.3025,30.7187,18.68,25,0,1.84,clear sky
68,Dikson,RU,73.5069,80.5464,7.0,100,100,1.57,overcast clouds
69,Nuuk,GL,64.1835,-51.7216,9.34,87,100,2.57,overcast clouds
70,Vestmannaeyjar,IS,63.4427,-20.2734,9.13,91,100,0.75,overcast clouds
71,Coihaique,CL,-45.5752,-72.0662,1.34,92,95,3.28,light snow
72,Sao Filipe,CV,14.8961,-24.4956,24.13,88,100,5.07,light rain
73,Luanda,AO,-8.8368,13.2343,19.39,88,99,0.33,overcast clouds
74,Port Alfred,ZA,-33.5906,26.891,12.12,77,0,4.28,clear sky
75,Faya,SA,18.3851,42.4509,19.15,80,94,1.99,overcast clouds
76,Port Lincoln,AU,-34.7333,135.8667,14.26,69,77,4.72,broken clouds
77,Vilhena,BR,-12.7406,-60.1458,21.27,48,7,0.48,clear sky
78,Morgan City,US,29.6994,-91.2068,25.56,90,100,2.19,overcast clouds
79,Roma,US,43.2128,-75.4557,17.02,79,0,0.0,clear sky
80,Carnarvon,AU,-24.8667,113.6333,19.48,61,0,3.93,clear sky
81,Ayan,RU,56.45,138.1667,14.2,86,100,1.71,overcast clouds
82,Korla,CN,41.7597,86.1469,27.74,29,67,4.56,broken clouds
83,Constitucion,CL,-35.3333,-72.4167,10.59,93,100,3.71,light rain
84,Koroni,GR,36.8,21.95,24.48,74,0,5.18,clear sky
85,Laguna,US,38.421,-121.4238,36.84,27,0,4.63,clear sky
86,Ponta Do Sol,PT,32.6667,-17.1,22.35,77,21,1.34,few clouds
87,Kargopol,RU,61.5071,38.9456,9.03,84,26,0.24,scattered clouds
88,Mehndawal,IN,26.9753,83.1117,27.14,85,100,6.25,overcast clouds
89,Chumikan,RU,54.7183,135.315,17.07,70,77,0.63,broken clouds
90,Khatanga,RU,71.9667,102.5,14.97,44,0,5.9,clear sky
91,Gamba,GA,-2.65,10.0,21.55,82,94,1.56,overcast clouds
92,Jumla,NP,29.2747,82.1838,19.14,83,96,0.45,overcast clouds
93,San Juan,AR,-31.5375,-68.5364,15.58,22,2,0.39,clear sky
94,Inta,RU,66.0317,60.1659,6.99,90,93,6.12,overcast clouds
95,Ancud,CL,-41.8697,-73.8203,7.43,80,6,9.77,light rain
96,Touros,BR,-5.1989,-35.4608,22.91,85,20,6.82,few clouds
97,Rosita,NI,13.9268,-84.4032,23.84,98,100,0.7,overcast clouds
98,Martapura,ID,-3.4167,114.85,27.05,74,20,2.57,few clouds
99,Davlekanovo,RU,54.2215,55.0343,14.27,72,74,2.57,broken clouds
100,Jiuquan,CN,39.7432,98.5174,22.14,28,100,3.74,overcast clouds
101,Saint George,US,37.1041,-113.5841,32.57,39,0,3.09,clear sky
102,Kharp,RU,66.8014,65.8081,7.86,86,100,3.57,overcast clouds
103,San Andres,CO,12.5847,-81.7006,28.01,83,20,2.57,few clouds
104,Nikolskoye,RU,59.7035,30.7861,15.45,72,84,1.54,broken clouds
105,Champerico,GT,14.3,-91.9167,27.45,73,81,1.9,broken clouds
106,Provideniya,RU,64.3833,-173.3,7.32,67,90,1.6,overcast clouds
107,Ribeira Grande,PT,38.5167,-28.7,24.3,88,5,2.57,clear sky
108,Atuona,PF,-9.8,-139.0333,25.24,67,0,9.04,clear sky
109,Los Llanos De Aridane,ES,28.6585,-17.9182,19.86,74,0,3.6,clear sky
110,Tuma,RU,55.148,40.5537,16.42,78,100,1.85,overcast clouds
111,Lata,PT,40.1629,-8.3327,13.47,98,90,0.69,overcast clouds
112,Qaanaaq,GL,77.484,-69.3632,6.76,67,100,5.2,overcast clouds
113,Antofagasta,CL,-23.65,-70.4,13.05,85,86,1.74,overcast clouds
114,Mataura,NZ,-46.1927,168.8643,10.27,57,1,2.99,clear sky
115,Sechura,PE,-5.5569,-80.8222,17.24,84,5,6.63,clear sky
116,Caxito,AO,-8.5785,13.6643,18.46,94,80,0.77,broken clouds
117,Huilong,CN,31.8111,121.655,31.53,67,70,4.28,broken clouds
118,Labuhan,ID,-6.8844,112.2051,28.28,71,99,3.59,overcast clouds
119,Barkhan,PK,29.8977,69.5256,25.69,65,100,4.65,heavy intensity rain
120,Tual,ID,-5.6667,132.75,26.74,78,76,9.1,broken clouds
121,Chokurdakh,RU,70.6333,147.9167,7.59,62,61,4.0,broken clouds
122,Yellowknife,CA,62.456,-114.3525,19.07,52,14,3.04,few clouds
123,Joao Pinheiro,BR,-17.7425,-46.1725,19.45,50,21,2.97,few clouds
124,Tiksi,RU,71.6872,128.8694,5.17,86,95,7.88,overcast clouds
125,Lompoc,US,34.6391,-120.4579,24.08,75,0,6.17,clear sky
126,Tabou,CI,4.423,-7.3528,23.75,85,39,4.65,scattered clouds
127,Bengkulu,ID,-3.8004,102.2655,27.04,73,89,1.13,overcast clouds
128,Saint-Philippe,RE,-21.3585,55.7679,17.34,80,35,6.91,light rain
129,Cherskiy,RU,68.75,161.3,4.85,87,100,3.54,light rain
130,Abu Samrah,SY,35.3029,37.1841,22.35,74,0,6.61,clear sky
131,Jimenez,MX,28.3333,-105.4,28.71,35,73,4.38,broken clouds
132,Talnakh,RU,69.4865,88.3972,16.23,43,96,6.37,overcast clouds
133,Sinnamary,GF,5.3833,-52.95,26.05,80,30,5.49,scattered clouds
134,Bluff,NZ,-46.6,168.3333,10.45,73,57,10.85,broken clouds
135,Norman Wells,CA,65.282,-126.8329,28.22,30,0,4.15,clear sky
136,Port Hardy,CA,50.6996,-127.4199,19.1,72,75,2.57,broken clouds
137,Safaga,EG,26.7292,33.9365,30.15,42,0,7.75,clear sky
138,Milkovo,RU,54.7167,158.6167,22.02,59,100,2.3,overcast clouds
139,Barreiras,BR,-12.1528,-44.99,26.34,40,95,4.81,overcast clouds
140,Puerto Baquerizo Moreno,EC,-0.9,-89.6,20.57,86,100,5.98,overcast clouds
141,Sitka,US,57.0531,-135.33,15.94,77,100,1.54,overcast clouds
142,Inverell,AU,-29.7833,151.1167,14.81,52,8,5.36,clear sky
143,Airai,TL,-8.9266,125.4092,23.03,39,35,2.32,scattered clouds
144,Lavrentiya,RU,65.5833,-171.0,4.92,72,100,5.71,overcast clouds
145,Lagoa,PT,39.05,-27.9833,23.47,89,0,4.58,light rain
146,Kenai,US,60.5544,-151.2583,16.68,89,100,1.75,overcast clouds
147,Tura,IN,25.5198,90.2201,24.33,91,94,2.79,overcast clouds
148,Kosa,RU,59.9445,54.9977,11.65,68,93,1.79,overcast clouds
149,Longyearbyen,SJ,78.2186,15.6401,5.91,87,75,3.09,broken clouds
150,Cidreira,BR,-30.1811,-50.2056,16.03,85,1,2.52,clear sky
151,Nalut,LY,30.3333,10.85,25.56,30,0,4.7,clear sky
152,Fethiye,TR,36.6217,29.1164,23.93,66,0,1.25,clear sky
153,Gizo,SB,-8.103,156.8419,29.14,66,37,2.79,scattered clouds
154,Severo-Kurilsk,RU,50.6789,156.125,13.43,93,100,7.05,overcast clouds
155,Tessalit,ML,20.1986,1.0114,32.56,29,82,3.63,broken clouds
156,Port Hawkesbury,CA,45.6169,-61.3485,20.33,96,100,2.57,mist
157,Mount Gambier,AU,-37.8333,140.7667,13.03,78,43,5.34,scattered clouds
158,Vesoul,FR,47.5833,5.8333,16.45,59,83,1.66,broken clouds
159,Salinopolis,BR,-0.6136,-47.3561,25.66,84,96,5.34,overcast clouds
160,Okhotsk,RU,59.3833,143.3,15.48,91,100,2.54,moderate rain
161,Port Blair,IN,11.6667,92.75,28.12,79,100,6.22,overcast clouds
162,Port Elizabeth,ZA,-33.918,25.5701,11.29,74,5,2.24,clear sky
163,Tuktoyaktuk,CA,69.4541,-133.0374,10.0,93,75,7.72,broken clouds
164,Mackay,AU,-21.15,149.2,25.93,66,0,4.07,clear sky
165,Saint-Pierre,RE,-21.3393,55.4781,18.28,67,40,2.57,scattered clouds
166,Aripuana,BR,-9.1667,-60.6333,25.26,48,0,0.35,clear sky
167,Pacific Grove,US,36.6177,-121.9166,23.78,80,34,2.24,scattered clouds
168,Hilo,US,19.7297,-155.09,30.71,80,54,2.24,broken clouds
169,Saint-Georges,GD,12.0564,-61.7485,27.07,81,64,3.46,broken clouds
170,Dakar,SN,14.6937,-17.4441,27.49,80,100,9.43,overcast clouds
171,Ostrovnoy,RU,68.0531,39.5131,9.97,77,99,6.61,overcast clouds
172,Kavieng,PG,-2.5744,150.7967,28.61,64,100,4.38,overcast clouds
173,Sumenep,ID,-7.0167,113.8667,28.51,73,92,5.09,overcast clouds
174,Zeya,RU,53.75,127.2667,19.34,81,25,1.45,light rain
175,Sibolga,ID,1.7427,98.7792,23.97,89,100,3.41,overcast clouds
176,Yumen,CN,40.2833,97.2,22.54,27,100,4.32,overcast clouds
177,Onalaska,US,43.8844,-91.2351,19.62,88,100,5.66,overcast clouds
178,Miri,MY,4.4148,114.0089,27.91,76,96,2.13,overcast clouds
179,Mayo,US,38.8876,-76.5119,22.99,80,0,0.0,clear sky
180,Lichtenburg,ZA,-26.152,26.1597,7.82,52,52,3.63,broken clouds
181,Dalgopol,BG,43.05,27.35,21.17,85,9,2.22,clear sky
182,Bela,IN,25.9333,81.9833,28.84,75,100,5.7,heavy intensity rain
183,Victoria,HK,22.2855,114.1577,32.2,81,1,1.79,clear sky
184,Khorixas,NA,-20.3667,14.9667,11.02,61,5,2.23,clear sky
185,Acapulco,MX,16.8634,-99.8901,27.9,74,100,1.03,overcast clouds
186,Real,PH,14.6625,121.6047,30.09,71,100,1.67,heavy intensity rain
187,Leningradskiy,RU,69.3833,178.4167,2.61,76,61,2.66,broken clouds
188,Devils Lake,US,48.1128,-98.8651,22.75,72,0,2.06,clear sky
189,San Quintin,MX,30.4833,-115.95,22.6,81,77,4.92,broken clouds
190,Orlik,RU,52.5178,99.825,13.8,78,97,1.77,light rain
191,Katsuura,JP,35.1333,140.3,25.48,92,100,8.9,overcast clouds
192,Cabo San Lucas,MX,22.8909,-109.9124,30.9,77,75,3.6,broken clouds
193,Tharad,IN,24.3961,71.6267,26.79,81,100,5.7,overcast clouds
194,Krasnomayskiy,RU,57.6194,34.4099,14.39,86,16,0.55,few clouds
195,Hay River,CA,60.8156,-115.7999,19.63,47,0,3.39,clear sky
196,Bossangoa,CF,6.4926,17.4552,20.89,98,100,1.44,light rain
197,Tomohon,ID,1.3346,124.8392,27.52,64,98,1.85,overcast clouds
198,Lakes Entrance,AU,-37.8811,147.981,11.76,65,100,7.75,light rain
199,Viedma,AR,-40.8135,-62.9967,14.74,42,9,7.54,clear sky
200,Bambous Virieux,MU,-20.3428,57.7575,20.14,77,75,7.2,broken clouds
201,Yeniseysk,RU,58.4497,92.1703,15.3,70,100,2.01,overcast clouds
202,Ilulissat,GL,69.2167,-51.1,10.01,46,40,7.72,scattered clouds
203,Phalaborwa,ZA,-23.943,31.1411,17.95,31,0,2.23,clear sky
204,Alsfeld,DE,50.75,9.2667,16.93,83,0,1.58,clear sky
205,Mahebourg,MU,-20.4081,57.7,20.16,77,75,7.2,broken clouds
206,Hrymayliv,UA,49.3321,26.0111,15.98,93,56,1.79,broken clouds
207,Torbay,CA,47.6666,-52.7314,15.98,96,59,2.68,broken clouds
208,Muyezerskiy,RU,63.9333,31.65,12.77,67,97,2.67,light rain
209,Rawson,AR,-43.3002,-65.1023,11.81,43,88,14.04,overcast clouds
210,Trat,TH,12.5,102.5,29.37,80,47,0.75,scattered clouds
211,Stornoway,GB,58.2093,-6.3865,12.98,95,100,1.03,fog
212,Mayumba,GA,-3.432,10.6554,21.55,82,93,1.99,overcast clouds
213,Ukiah,US,39.1502,-123.2078,32.14,33,0,3.09,clear sky
214,Kharitonovo,RU,61.4009,47.4978,10.04,78,45,1.33,scattered clouds
215,Srednekolymsk,RU,67.45,153.6833,5.19,82,100,7.11,overcast clouds
216,Bastrop,US,32.7562,-91.8724,27.68,87,27,1.84,scattered clouds
217,Hermanus,ZA,-34.4187,19.2345,11.56,78,76,8.91,light rain
218,Mehamn,NO,71.0357,27.8492,9.97,87,100,4.12,overcast clouds
219,Antalaha,MG,-14.9003,50.2788,19.56,89,82,2.63,light rain
220,Roswell,US,34.0232,-84.3616,24.92,83,0,1.54,clear sky
221,Muzhi,RU,65.3667,64.6667,9.01,69,99,8.38,overcast clouds
222,Bria,CF,6.5423,21.9863,20.56,98,100,2.01,light rain
223,Oktyabrskoye,RU,43.0645,44.7417,16.08,100,0,2.0,clear sky
224,California City,US,35.1258,-117.9859,37.14,10,0,8.75,clear sky
225,Broome,US,42.2506,-75.833,16.5,77,8,0.78,clear sky
226,Saquena,PE,-4.6667,-73.5167,24.01,72,4,0.38,clear sky
227,San Policarpo,PH,12.1791,125.5072,28.61,76,70,3.4,moderate rain
228,Chuguyevka,RU,44.1653,133.8633,22.67,71,33,2.31,scattered clouds
229,Alofi,NU,-19.0595,-169.9187,23.06,65,100,9.49,overcast clouds
230,Collie,AU,-33.3667,116.15,12.94,67,33,0.75,scattered clouds
231,Butaritari,KI,3.0707,172.7902,27.52,78,53,7.35,light rain
232,Calvia,ES,39.5657,2.5062,33.26,57,56,4.42,broken clouds
233,Codrington,AU,-38.2667,141.9667,13.21,83,45,9.12,scattered clouds
234,Kununurra,AU,-15.7667,128.7333,29.99,21,6,5.14,clear sky
235,Dingle,PH,10.9995,122.6711,29.14,76,51,3.17,light rain
236,Brumado,BR,-14.2036,-41.6653,20.0,69,61,2.94,broken clouds
237,Awjilah,LY,29.1081,21.2869,25.12,68,0,4.89,clear sky
238,Skjervoy,NO,70.0311,20.9714,12.0,75,88,15.54,light rain
239,Launceston,AU,-41.45,147.1667,15.74,74,100,9.26,light rain
240,Yulara,AU,-25.2406,130.9889,17.84,23,0,1.64,clear sky
241,Dudinka,RU,69.4058,86.1778,16.46,44,94,7.38,overcast clouds
242,Mindelo,CV,16.8901,-24.9804,24.75,73,75,6.17,broken clouds
243,Grindavik,IS,63.8424,-22.4338,9.26,93,75,1.03,broken clouds
244,Manihari,IN,25.35,87.6333,28.0,78,100,8.63,overcast clouds
245,Faanui,PF,-16.4833,-151.75,25.62,75,8,5.6,light rain
246,Labytnangi,RU,66.6572,66.4183,8.87,77,100,5.25,overcast clouds
247,Eastchester,US,40.8876,-73.8329,24.07,55,40,4.12,scattered clouds
248,Sedriano,IT,45.4915,8.9687,22.14,63,100,2.53,overcast clouds
249,Weifang,CN,36.71,119.1019,31.83,80,100,3.84,overcast clouds
250,Cairns,AU,-16.9167,145.7667,28.39,57,59,4.63,broken clouds
251,Beringovskiy,RU,63.05,179.3167,7.94,72,16,3.45,few clouds
252,Chuy,UY,-33.6971,-53.4616,12.26,91,12,2.52,few clouds
253,Maceio,BR,-9.6658,-35.7353,23.69,78,20,1.54,few clouds
254,Sur,OM,22.5667,59.5289,28.94,69,100,5.31,overcast clouds
255,Chongwe,ZM,-15.3292,28.682,14.71,48,3,0.99,clear sky
256,San Patricio,US,28.017,-97.5169,28.92,68,100,3.39,overcast clouds
257,Karratha,AU,-20.7377,116.8463,26.26,40,11,3.0,few clouds
258,Carballo,ES,43.213,-8.691,17.68,91,24,2.45,few clouds
259,Kanchanaburi,TH,14.6333,99.1,26.32,83,97,1.33,overcast clouds
260,San Cristobal,VE,7.7669,-72.225,22.1,99,86,1.22,overcast clouds
261,Saurimo,AO,-9.6608,20.3916,15.23,37,35,1.87,scattered clouds
262,Mitikas,GR,38.6699,20.9466,21.99,80,0,3.02,clear sky
263,Arrifes,PT,37.7667,-25.7,24.02,94,20,3.09,few clouds
264,Havre-Saint-Pierre,CA,50.2334,-63.5986,17.1,70,100,1.2,overcast clouds
265,Kamuli,UG,0.9472,33.1197,16.78,96,100,1.7,overcast clouds
266,Brae,GB,60.3964,-1.353,13.1,95,67,2.29,broken clouds
267,Rockland,US,41.1668,-74.0496,23.25,67,0,0.85,clear sky
268,Indulang,PH,8.0903,124.5844,23.2,81,98,0.7,overcast clouds
269,Christchurch,NZ,-43.5333,172.6333,14.71,43,0,3.09,clear sky
270,Kidal,ML,18.4411,1.4078,31.82,30,99,4.85,overcast clouds
271,Yerbogachen,RU,61.2767,108.0108,10.45,69,100,1.63,overcast clouds
272,Grimshaw,CA,56.1834,-117.6027,17.7,85,56,7.95,moderate rain
273,Inhambane,MZ,-23.865,35.3833,22.2,84,0,7.54,clear sky
274,Hovd,MN,48.0056,91.6419,19.13,37,17,2.58,few clouds
275,Esmeraldas,BR,-19.7625,-44.3139,16.48,64,0,2.06,clear sky
276,Moundsville,US,39.9203,-80.7431,21.12,82,100,0.77,overcast clouds
277,Arraial Do Cabo,BR,-22.9661,-42.0278,20.74,71,48,9.34,scattered clouds
278,Meulaboh,ID,4.1363,96.1285,26.88,80,100,1.69,overcast clouds
279,Kisangani,CD,0.5167,25.2,21.04,94,100,0.22,overcast clouds
280,Balao,EC,-2.9167,-79.8167,21.14,90,25,2.84,scattered clouds
281,Statesboro,US,32.4488,-81.7832,25.27,88,0,0.0,clear sky
282,Fallon,US,39.4735,-118.7774,34.69,8,0,2.61,clear sky
283,Dasoguz,TM,41.8363,59.9666,26.67,29,0,3.84,clear sky
284,East London,ZA,-33.0153,27.9116,13.13,76,0,3.61,clear sky
285,Kendari,ID,-3.945,122.4989,29.12,68,41,1.26,scattered clouds
286,Lorengau,PG,-2.0226,147.2712,28.79,71,100,2.77,overcast clouds
287,Padang,ID,-0.9492,100.3543,28.03,77,99,0.42,overcast clouds
288,Jitauna,BR,-14.0189,-39.8889,18.78,94,99,1.36,overcast clouds
289,Aksarka,RU,66.5606,67.7975,9.87,67,100,6.5,overcast clouds
290,Hammerfest,NO,70.6634,23.6821,10.25,93,75,4.63,broken clouds
291,Najran,SA,17.4924,44.1277,28.49,44,100,3.03,overcast clouds
292,Richards Bay,ZA,-28.783,32.0377,19.19,88,100,0.93,overcast clouds
293,Iqaluit,CA,63.7506,-68.5145,6.5,93,100,2.24,overcast clouds
294,Teguldet,RU,57.3064,88.1667,17.31,74,78,3.79,broken clouds
295,Matamoros,MX,25.5333,-103.25,32.06,29,75,5.14,broken clouds
296,Boa Vista,BR,2.8197,-60.6733,25.99,83,40,0.51,scattered clouds
297,Qasigiannguit,GL,68.8193,-51.1922,10.14,71,81,1.94,broken clouds
298,Marawi,PH,7.9986,124.2928,23.92,82,100,1.86,overcast clouds
299,Selikhino,RU,50.3672,137.4996,19.47,76,75,2.48,broken clouds
300,Geraldton,AU,-28.7667,114.6,15.23,82,29,5.14,scattered clouds
301,Turayf,SA,31.6725,38.6637,21.24,53,0,5.53,clear sky
302,Samarai,PG,-10.6167,150.6667,27.24,77,82,1.72,broken clouds
303,Quelimane,MZ,-17.8786,36.8883,19.62,80,0,3.84,clear sky
304,Tabuk,PH,17.4189,121.4443,28.89,76,98,1.79,overcast clouds
305,Clyde River,CA,70.4692,-68.5914,5.13,93,100,1.03,light rain
306,Killam,CA,52.7834,-111.8518,25.26,52,0,2.06,clear sky
307,Sobolevo,RU,54.4299,31.8996,15.55,89,99,3.26,overcast clouds
308,Chunoyar,RU,57.4467,97.3217,16.37,55,100,2.13,overcast clouds
309,General Roca,AR,-39.0333,-67.5833,13.12,43,13,10.37,few clouds
310,Mizan Teferi,ET,6.9833,35.5833,15.95,98,100,0.69,light rain
311,Ouidah,BJ,6.3631,2.0851,23.43,92,100,6.93,light rain
312,Centralina,BR,-18.5839,-49.1994,22.6,44,3,2.7,clear sky
313,Boueni,YT,-12.9025,45.0761,23.99,73,1,2.34,light rain
314,Lubumbashi,CD,-11.6609,27.4794,15.02,44,29,0.58,scattered clouds
315,Mercedes,AR,-34.6515,-59.4307,14.8,86,6,3.78,clear sky
316,Golden Gate,US,26.1879,-81.6951,26.1,68,0,1.54,light rain
317,Kattivakkam,IN,13.2167,80.3167,30.05,69,100,4.21,overcast clouds
318,Boulder City,US,35.9786,-114.8325,31.36,42,63,2.57,broken clouds
319,Dhanaula,IN,30.2833,75.5833,28.92,74,7,1.88,clear sky
320,Fairbanks,US,64.8378,-147.7164,23.38,62,0,0.0,clear sky
321,Mandalgovi,MN,45.7625,106.2708,16.46,62,0,6.46,clear sky
322,Ixtapa,MX,20.7,-105.2,28.57,74,75,1.03,broken clouds
323,Hanumangarh,IN,29.5833,74.3167,29.22,67,97,3.71,overcast clouds
324,Husavik,IS,66.0449,-17.3389,8.71,80,100,1.43,overcast clouds
325,Abu Zabad,SD,12.35,29.25,24.0,81,98,3.92,overcast clouds
326,Tandil,AR,-37.3217,-59.1332,14.27,82,27,5.04,scattered clouds
327,Fort Nelson,CA,58.8053,-122.7002,27.88,51,0,0.71,clear sky
328,Petropavlovsk-Kamchatskiy,RU,53.0452,158.6483,14.33,94,75,5.0,broken clouds
329,Mount Isa,AU,-20.7333,139.5,19.87,22,3,3.6,clear sky
330,Kavaratti,IN,10.5669,72.642,27.48,79,100,5.58,overcast clouds
331,Bilma,NE,18.6853,12.9164,33.54,24,34,1.96,scattered clouds
332,Vila Velha,BR,-20.3297,-40.2925,20.53,77,75,1.54,broken clouds
333,Malpe,IN,13.35,74.7167,24.61,83,100,2.42,overcast clouds
334,Worland,US,44.0169,-107.9554,29.64,46,75,9.77,broken clouds
335,Iskandar,UZ,41.5539,69.7008,22.47,22,0,1.92,clear sky
336,Nanortalik,GL,60.1432,-45.2371,6.88,99,100,2.1,overcast clouds
337,Batagay-Alyta,RU,67.8006,130.4114,11.29,63,97,1.84,overcast clouds
338,Finschhafen,PG,-6.6024,147.8681,28.31,71,44,2.49,scattered clouds
339,Komsomolskiy,UZ,40.4272,71.7189,25.4,41,0,2.06,clear sky
340,Tibagi,BR,-24.5094,-50.4136,12.55,80,93,1.15,overcast clouds
341,Pitimbu,BR,-7.4706,-34.8086,22.33,75,97,6.97,overcast clouds
342,Aitape,PG,-3.1374,142.3475,29.37,64,93,2.49,overcast clouds
343,San Carlos De Bariloche,AR,-41.1456,-71.3082,1.8,85,81,5.56,light snow
344,Glenwood Springs,US,39.5505,-107.3248,28.51,44,100,0.0,overcast clouds
345,Cap Malheureux,MU,-19.9842,57.6142,19.15,75,100,2.24,light rain
346,Bucerias,MX,20.75,-105.3333,28.99,74,75,1.03,broken clouds
347,Vostok,RU,46.4856,135.8833,21.5,62,70,1.39,broken clouds
348,Namibe,AO,-15.1961,12.1522,17.17,90,41,0.96,scattered clouds
349,Wani,IN,20.0667,78.95,23.77,92,100,6.03,overcast clouds
350,Imuris,MX,30.7833,-110.8667,21.61,85,100,5.08,overcast clouds
351,Manokwari,ID,-0.8667,134.0833,27.64,70,100,0.92,overcast clouds
352,Zhigansk,RU,66.7697,123.3711,14.0,66,66,3.9,broken clouds
353,Kungurtug,RU,50.5994,97.5228,16.98,57,64,1.15,broken clouds
354,Camana,PE,-16.6228,-72.7111,15.15,84,56,2.79,broken clouds
355,Marau,BR,-28.4492,-52.2,12.08,94,68,1.62,broken clouds
356,Rovinj,HR,45.08,13.64,19.17,64,37,4.49,scattered clouds
357,Vicksburg,US,32.3526,-90.8779,27.85,84,40,2.57,scattered clouds
358,Calvinia,ZA,-31.4707,19.776,4.25,83,100,7.5,light rain
359,Kanye,BW,-24.9667,25.3327,10.27,40,46,4.0,scattered clouds
360,Luau,AO,-10.7073,22.2247,16.08,33,0,2.09,clear sky
361,Neiafu,TO,-18.65,-173.9833,25.38,61,40,4.63,scattered clouds
362,Baykit,RU,61.67,96.37,13.94,56,71,2.53,broken clouds
363,Namatanai,PG,-3.6667,152.4333,28.76,67,99,1.7,overcast clouds
364,Nantai,CN,40.9241,122.8044,25.11,81,100,1.92,light rain
365,Lufilufi,WS,-13.8745,-171.5986,28.88,74,100,2.63,overcast clouds
366,Visnes,NO,59.3556,5.2242,15.12,94,74,4.12,broken clouds
367,Magadan,RU,59.5667,150.8,14.74,87,100,5.95,overcast clouds
368,Baoqing,CN,46.3317,132.2111,23.56,59,16,3.1,few clouds
369,Lasa,IT,46.6166,10.7002,11.5,82,1,1.33,clear sky
370,Kismayo,SO,-0.3582,42.5454,23.86,85,86,5.89,overcast clouds
371,Luganville,VU,-15.5333,167.1667,25.7,87,97,4.6,overcast clouds
372,Bentiu,SS,9.2333,29.8333,20.9,97,100,1.8,overcast clouds
373,Hamilton,US,39.1834,-84.5333,23.78,69,20,1.54,few clouds
374,Bodden Town,KY,19.2833,-81.25,29.0,82,0,2.06,clear sky
375,Butembo,CD,0.15,29.2833,14.37,94,100,0.49,light rain
376,Nemuro,JP,43.3236,145.575,19.32,94,100,4.28,light rain
377,Kuytun,RU,54.3419,101.5036,17.23,58,84,2.52,broken clouds
378,Cobija,BO,-11.0267,-68.7692,24.48,68,9,0.05,clear sky
379,Dharchula,IN,29.85,80.5333,25.12,78,48,0.89,scattered clouds
380,Santa Fe,AR,-31.6333,-60.7,17.79,76,6,3.58,light rain
381,Comodoro Rivadavia,AR,-45.8667,-67.5,8.92,49,0,13.38,clear sky
382,Madawaska,US,47.3561,-68.3288,18.61,72,75,2.06,broken clouds
383,Bangassou,CF,4.7413,22.8184,20.38,99,100,1.06,light rain
384,Baijiantan,CN,45.6333,85.1833,27.3,30,33,2.92,scattered clouds
385,Liverpool,GB,53.4106,-2.9779,22.03,68,92,2.06,overcast clouds
386,Tuatapere,NZ,-46.1333,167.6833,11.09,51,2,1.08,clear sky
387,Uinskoye,RU,56.8817,56.5813,10.75,76,2,0.76,clear sky
388,Darhan,MN,49.4867,105.9228,16.55,83,100,0.82,overcast clouds
389,Baykalovo,RU,57.3981,63.7684,11.2,76,1,4.34,clear sky
390,Katangli,RU,51.7102,143.2326,16.02,78,45,3.54,scattered clouds
391,Kondinskoye,RU,59.6481,67.41,11.56,76,15,5.95,few clouds
392,Alihe,CN,50.5667,123.7167,24.49,44,25,1.07,scattered clouds
393,Paita,PE,-5.0892,-81.1144,17.37,86,6,6.01,clear sky
394,Grafton,US,42.207,-71.6856,18.93,75,63,0.91,broken clouds
395,Nome,US,64.5011,-165.4064,8.04,81,100,6.17,light rain
396,Coquimbo,CL,-29.9533,-71.3436,11.85,87,0,4.63,clear sky
397,Grand Gaube,MU,-20.0064,57.6608,20.22,75,100,2.24,light rain
398,Chernelytsya,UA,48.8121,25.4248,16.11,93,34,1.14,scattered clouds
399,Amiens,FR,49.9,2.3,20.55,42,79,3.1,broken clouds
400,Muroto,JP,33.2833,134.15,29.25,79,95,5.57,overcast clouds
401,Pamanukan,ID,-6.2842,107.8106,29.79,63,73,1.69,broken clouds
402,Zhigalovo,RU,54.8097,105.1578,17.99,57,43,0.1,scattered clouds
403,Wasilla,US,61.5814,-149.4394,17.51,77,75,5.14,broken clouds
404,Calama,CL,-22.4667,-68.9333,9.27,15,54,5.14,broken clouds
405,Minna,NG,9.6139,6.5569,21.87,97,100,1.41,light rain
406,Nelson Bay,AU,-32.7167,152.15,16.73,57,3,5.36,clear sky
407,Dauriya,RU,49.9333,116.8667,19.16,56,100,2.61,overcast clouds
408,Dibrugarh,IN,27.4833,94.9,31.03,70,40,2.57,scattered clouds
409,Marrakesh,MA,31.6315,-8.0083,29.04,51,40,1.03,scattered clouds
410,Heihe,CN,50.2441,127.4902,21.89,63,7,0.67,clear sky
411,Basco,PH,20.4487,121.9702,29.19,74,75,2.25,broken clouds
412,Lazaro Cardenas,MX,17.9583,-102.2,25.48,88,100,1.18,overcast clouds
413,Cayenne,GF,4.9333,-52.3333,27.27,1,0,0.89,clear sky
414,Kyabe,TD,9.4515,18.9449,20.83,99,99,1.7,overcast clouds
415,Axim,GH,4.8699,-2.2405,23.72,88,100,5.3,light rain
416,Pauini,BR,-7.7136,-66.9764,25.62,56,14,0.5,few clouds
417,Azare,NG,11.6765,10.1948,21.45,92,99,3.68,light rain
418,Linares,CL,-35.85,-71.6,9.49,89,100,2.67,overcast clouds
419,Shimoda,JP,34.6667,138.95,28.39,91,100,7.29,overcast clouds
420,Sangar,RU,63.9242,127.4739,14.83,94,100,3.24,light rain
421,Tahe,CN,52.3333,124.7333,23.0,51,8,1.24,clear sky
422,Upington,ZA,-28.4478,21.2561,5.16,53,0,4.16,clear sky
423,Muriti,TZ,-1.9833,32.9167,23.41,69,98,4.08,light rain
424,Kuito,AO,-12.3833,16.9333,11.3,25,8,1.43,clear sky
425,Billings,US,45.7833,-108.5007,20.37,82,100,7.72,overcast clouds
426,Langenburg,DE,49.2544,9.8458,16.39,74,0,1.03,clear sky
427,Palmer,US,42.1584,-72.3287,18.25,74,13,0.81,few clouds
428,Flinders,AU,-34.5833,150.8552,17.99,49,81,3.13,broken clouds
429,Amudat,UG,1.95,34.95,18.04,92,98,2.49,light rain
430,Amga,RU,60.8953,131.9608,22.39,45,22,3.46,few clouds
431,Fort Frances,CA,48.5999,-93.4003,20.09,88,0,0.0,clear sky
432,Camabatela,AO,-8.1881,15.375,13.34,93,86,2.09,overcast clouds
433,Barcelona,ES,41.3888,2.159,27.96,79,20,2.57,few clouds
434,Huarmey,PE,-10.0681,-78.1522,16.9,85,26,3.89,scattered clouds
435,Ramgarh,IN,23.6333,85.5167,26.03,93,100,4.34,overcast clouds
436,Boulsa,BF,12.6675,-0.5758,25.31,81,97,4.79,light rain
437,Shache,CN,38.4167,77.2406,24.57,45,13,1.15,few clouds
438,Kirya,TZ,-3.9167,37.4833,18.24,91,89,3.65,overcast clouds
439,Hofn,IS,64.2539,-15.2082,9.61,84,100,0.79,moderate rain
440,Yura,PE,-16.2522,-71.6797,11.22,47,6,0.71,clear sky
441,Arlon,BE,49.6833,5.8167,18.15,64,43,2.25,scattered clouds
442,Ponta Delgada,PT,37.7333,-25.6667,25.28,94,20,3.09,few clouds
443,Aklavik,CA,68.2191,-135.0107,15.2,59,64,8.83,broken clouds
444,Kirakira,SB,-10.4544,161.9205,28.0,76,34,3.45,scattered clouds
445,Havoysund,NO,70.9963,24.6622,10.13,82,90,16.22,light rain
446,Belaya Gora,RU,68.5333,146.4167,7.93,75,99,5.97,overcast clouds
447,Rock Sound,BS,24.9,-76.2,28.02,70,10,2.13,clear sky
448,Sao Joao Da Barra,BR,-21.6403,-41.0511,20.37,66,0,5.42,clear sky
449,Zhifang,CN,30.35,114.3167,34.73,46,62,4.58,broken clouds
450,Walvis Bay,NA,-22.9575,14.5053,10.61,76,7,1.03,clear sky
451,Kaeo,NZ,-35.1,173.7833,16.29,63,100,1.98,overcast clouds
452,Weligama,LK,5.9667,80.4167,26.66,84,100,4.71,overcast clouds
453,Sayyan,YE,15.1718,44.3244,17.04,64,100,1.91,overcast clouds
454,Mpika,ZM,-11.8343,31.4529,12.68,63,3,1.4,clear sky
455,Maumere,ID,-8.6199,122.2111,28.62,63,1,1.87,clear sky
456,Victor Harbor,AU,-35.5667,138.6167,14.44,83,14,2.7,few clouds
457,Campana,AR,-34.1687,-58.9591,15.06,79,6,3.04,clear sky
458,Camacupa,AO,-12.0167,17.4833,14.39,23,96,1.56,overcast clouds
459,Piopio,NZ,-38.4667,175.0167,15.05,46,2,0.84,clear sky
460,Svetlogorsk,BY,52.6333,29.7333,18.0,84,99,3.87,overcast clouds
461,Yueyang,CN,29.3333,113.0919,33.45,52,100,7.12,overcast clouds
462,Ouango,CF,4.3133,22.5552,20.56,99,100,1.14,moderate rain
463,Palora,EC,-1.7,-77.9333,19.91,84,67,1.42,broken clouds
464,Vanimo,PG,-2.6741,141.3028,29.23,66,100,3.06,overcast clouds
465,Camacha,PT,33.0833,-16.3333,19.68,83,40,3.6,scattered clouds
466,Mandera,KE,3.9366,41.867,23.72,59,96,6.9,overcast clouds
467,Tautira,PF,-17.7333,-149.15,25.38,76,66,6.14,broken clouds
468,Erenhot,CN,43.6475,111.9767,20.82,62,85,7.57,overcast clouds
469,Evensk,RU,61.95,159.2333,16.81,73,100,2.54,overcast clouds
470,Lira,UG,2.235,32.9097,17.77,98,100,1.25,light rain
471,Andenes,NO,69.3143,16.1194,9.99,76,100,9.77,overcast clouds
472,Ha Tinh,VN,18.3333,105.9,29.52,70,100,0.9,overcast clouds
473,Saint Anthony,US,45.0205,-93.218,19.4,78,100,5.14,overcast clouds
474,Coahuayana,MX,18.7333,-103.6833,25.2,92,100,1.06,overcast clouds
475,Mandurah,AU,-32.55,115.7,16.06,62,2,1.43,clear sky
476,Saldanha,ZA,-33.0117,17.9442,11.03,76,12,7.32,light rain
477,El Tigre,VE,8.8875,-64.2454,24.48,84,35,1.72,scattered clouds
478,Agucadoura,PT,41.4318,-8.7804,17.27,92,20,1.58,few clouds
479,Coos Bay,US,43.3665,-124.2179,22.4,86,0,7.2,clear sky
480,Sao Sebastiao,BR,-23.76,-45.4097,18.47,90,56,3.41,broken clouds
481,Morro Bay,US,35.3658,-120.8499,25.18,48,8,3.13,clear sky
482,Vitim,RU,59.4511,112.5578,14.4,69,84,2.37,light rain
483,Strezhevoy,RU,60.7333,77.5889,10.99,90,100,7.12,light rain
484,Tecoanapa,MX,16.5167,-98.75,26.51,82,85,2.05,overcast clouds
485,Lewiston,US,44.1003,-70.2148,19.66,84,75,0.0,broken clouds
486,Krasnoselkup,RU,65.7,82.4667,14.16,59,99,5.91,overcast clouds
487,Rafaela,AR,-31.2503,-61.4867,16.1,54,4,1.34,clear sky
488,Wanning,CN,18.8003,110.3967,30.14,69,43,2.66,scattered clouds
489,Izberbash,RU,42.5696,47.8645,22.03,54,0,3.16,clear sky
490,Puerto Suarez,BO,-18.95,-57.8,23.72,47,49,1.74,scattered clouds
491,Darnah,LY,32.767,22.6367,25.82,71,0,7.34,clear sky
492,Genhe,CN,50.7833,121.5167,22.22,43,83,1.0,broken clouds
493,Nipawin,CA,53.3668,-104.0009,18.02,100,100,3.6,light rain
494,Dzaoudzi,YT,-12.7887,45.2699,22.94,83,20,2.06,few clouds
495,Naze,JP,28.3667,129.4833,28.48,75,35,4.48,scattered clouds
496,Anyama,CI,5.4946,-4.0518,23.45,86,94,3.58,overcast clouds
497,Le Port,RE,-20.9373,55.2919,18.47,79,34,3.19,scattered clouds
498,Vinh Yen,VN,21.31,105.5967,27.97,81,82,1.29,broken clouds
499,Vryburg,ZA,-26.9566,24.7284,8.64,61,1,4.63,clear sky
500,Yukamenskoye,RU,57.8865,52.2416,10.88,75,1,1.67,clear sky
501,Kalmunai,LK,7.4167,81.8167,27.87,71,100,1.93,overcast clouds
502,Curup,ID,-3.4667,102.5333,25.43,65,93,0.25,overcast clouds
503,Kurilsk,RU,45.2333,147.8833,18.09,98,100,3.41,light rain
504,Saint-Leu,RE,-21.15,55.2833,17.95,71,24,0.5,few clouds
505,Iacu,BR,-12.7672,-40.2117,21.62,75,92,2.49,overcast clouds
506,Kasempa,ZM,-13.4584,25.8338,14.61,45,3,1.34,clear sky
507,Kabompo,ZM,-13.5927,24.2008,12.2,47,4,0.97,clear sky
508,Kangaatsiaq,GL,68.3065,-53.4641,7.13,75,84,11.0,broken clouds
509,Weihai,CN,37.5017,122.1136,26.6,90,100,5.37,overcast clouds
510,La Union,PE,-5.4,-80.75,17.82,79,3,6.96,clear sky
511,Majalgaon,IN,19.15,76.2333,24.36,83,97,4.87,overcast clouds
512,Prata,BR,-19.3072,-48.9242,21.09,40,0,1.69,clear sky
513,Santa Rosa,PH,14.3122,121.1114,29.49,76,100,1.83,heavy intensity rain
514,Kassala,SD,15.451,36.4,24.35,82,100,5.9,overcast clouds
515,Herouville-Saint-Clair,FR,49.2109,-0.3065,22.9,55,0,2.57,clear sky
516,Atar,MR,20.5169,-13.0499,31.9,46,0,3.55,clear sky
517,Linkou,CN,45.3,130.2833,23.3,59,90,1.36,overcast clouds
518,Opelousas,US,30.5335,-92.0815,26.04,100,0,1.54,clear sky
519,Novo Aripuana,BR,-5.1206,-60.3797,27.62,56,87,1.33,overcast clouds
520,Barbastro,ES,42.0356,0.1269,26.3,43,6,1.05,clear sky
521,Puerto Escondido,MX,15.85,-97.0667,26.46,69,100,3.6,thunderstorm
522,Camocim,BR,-2.9022,-40.8411,24.1,79,89,4.87,overcast clouds
523,Okha,RU,53.5739,142.9478,17.35,71,44,1.98,scattered clouds
524,Marystown,CA,47.1666,-55.1483,16.82,95,99,2.65,overcast clouds
525,Stokmarknes,NO,68.5646,14.9108,9.99,76,100,5.66,overcast clouds
526,Yeppoon,AU,-23.1333,150.7333,22.88,64,0,2.83,clear sky
527,Quatre Cocos,MU,-20.2078,57.7625,20.06,64,98,8.58,light rain
528,Jinchang,CN,38.4953,102.1739,21.19,55,100,4.6,overcast clouds
529,Coracora,PE,-15.0333,-73.7833,8.09,47,9,0.78,clear sky
530,Mpongwe,ZM,-13.5091,28.155,13.71,46,4,1.85,clear sky
531,Berdigestyakh,RU,62.0989,126.6992,18.34,73,100,3.07,overcast clouds
532,Vagur,FO,61.4732,-6.8119,11.1,84,100,3.95,overcast clouds
533,Mocuba,MZ,-16.8392,36.9856,17.8,83,0,2.11,clear sky
534,Pisco,PE,-13.7,-76.2167,15.03,88,20,1.54,few clouds
535,Zemio,CF,5.0314,25.1361,20.23,99,100,1.43,moderate rain
536,Santo Nino,PH,6.435,124.6975,29.74,70,58,0.5,light rain
537,Socorro,US,31.6546,-106.3033,32.56,26,20,1.54,few clouds
538,Trairi,BR,-3.2778,-39.2689,24.92,83,10,4.57,clear sky
539,Lagos,NG,6.5833,3.75,25.18,91,100,4.06,light rain
540,Gemena,CD,3.25,19.7667,21.26,98,100,0.38,light rain
541,Kirksville,US,40.1948,-92.5833,28.36,76,75,3.09,broken clouds
542,Avera,US,33.194,-82.5271,23.73,46,4,2.39,clear sky
543,Mangrol,IN,21.1167,70.1167,26.65,86,97,8.5,overcast clouds
544,Sarandi,BR,-23.4436,-51.8739,15.76,52,82,2.37,broken clouds
545,Zhangye,CN,38.9342,100.4517,20.64,62,100,2.71,overcast clouds
546,Nicoya,CR,10.1483,-85.452,24.52,92,100,1.35,overcast clouds
547,Shingu,JP,33.7333,135.9833,32.26,61,100,3.7,overcast clouds
548,Bonavista,CA,48.6499,-53.1147,15.46,94,54,3.66,broken clouds
549,Susaki,JP,33.3667,133.2833,30.04,65,68,2.76,broken clouds
550,Bulolo,PG,-7.2,146.65,30.17,55,60,1.29,broken clouds
551,Gerede,TR,40.8008,32.1969,13.78,78,6,0.98,clear sky
552,Conakry,GN,9.538,-13.6773,25.33,84,100,4.04,light rain
553,Hobyo,SO,5.3505,48.5268,24.22,83,66,9.35,broken clouds
554,Lakhimpur,IN,27.95,80.7667,30.78,63,69,3.76,broken clouds
555,Xiaoweizhai,CN,26.1903,107.5125,23.28,88,100,1.81,overcast clouds
556,Hengshui,CN,37.7322,115.7011,27.86,85,100,0.83,overcast clouds
557,Payo,ID,-3.7508,103.6372,26.14,80,99,1.57,overcast clouds
558,Ayagoz,KZ,47.9714,80.4392,20.02,51,0,2.56,clear sky
559,Guane,CU,22.2025,-84.0875,25.15,83,97,1.32,overcast clouds
560,Bollnas,SE,61.3482,16.3946,14.07,78,12,0.4,few clouds
561,Araouane,ML,18.9048,-3.5265,33.23,35,3,5.75,light rain
562,Kachug,RU,53.9606,105.8817,18.28,56,95,0.64,overcast clouds
563,Arawa,PG,-6.2132,155.5367,30.59,61,23,2.24,few clouds
564,Prince Rupert,CA,54.3161,-130.3201,17.05,82,100,8.23,overcast clouds
565,Havelock,US,34.8791,-76.9013,24.41,76,0,3.6,clear sky
566,Ejea De Los Caballeros,ES,42.1263,-1.1372,25.12,44,26,1.55,scattered clouds
567,Santa Cruz,BO,-17.8,-63.1667,22.7,78,40,2.06,scattered clouds
568,Ust-Karsk,RU,52.7011,118.8077,23.53,46,55,1.76,broken clouds
569,Mao,ES,39.8885,4.2658,27.31,83,0,2.06,clear sky
570,Rocha,UY,-34.4833,-54.3333,11.68,95,5,2.71,clear sky
571,Half Moon Bay,US,37.4636,-122.4286,25.57,73,100,8.23,mist
572,Seoul,KR,37.5683,126.9778,28.76,81,75,1.54,broken clouds
573,Inndyr,NO,67.0338,14.0276,10.02,81,100,2.56,overcast clouds
574,Deputatskiy,RU,69.3,139.9,3.2,91,100,2.37,overcast clouds
575,Verkhnyaya Inta,RU,65.9811,60.3094,6.78,91,94,6.04,overcast clouds
576,Envira,BR,-7.3,-70.2167,25.94,59,54,0.38,broken clouds
577,Martinsburg,US,39.4562,-77.9639,20.86,82,0,2.06,clear sky
578,Muscat,OM,23.6139,58.5922,32.01,56,99,1.54,overcast clouds
579,Oranjemund,NA,-28.55,16.4333,12.68,79,87,3.23,overcast clouds
580,Birao,CF,10.2849,22.7882,21.63,94,100,1.91,overcast clouds
581,Arrecife,ES,28.963,-13.5477,21.99,83,0,5.66,clear sky
582,Durazno,UY,-33.4131,-56.5006,13.46,91,1,3.73,clear sky
583,Edd,ER,13.9297,41.6925,32.45,63,85,1.66,overcast clouds
584,High Level,CA,58.5169,-117.136,27.06,50,20,2.06,few clouds
585,Tanete,ID,-3.9443,119.7848,29.23,68,76,4.51,broken clouds
586,Ayorou,NE,14.7308,0.9174,32.75,41,100,3.06,overcast clouds
587,Khovu-Aksy,RU,51.1333,93.6,17.12,58,88,1.02,overcast clouds
588,Makakilo City,US,21.3469,-158.0858,29.2,57,40,8.23,scattered clouds
589,Krasnovishersk,RU,60.4078,57.082,11.2,77,80,1.49,broken clouds
590,Odienne,CI,9.51,-7.5692,21.23,95,100,1.85,light rain
591,Raudeberg,NO,61.9875,5.1352,12.75,86,100,1.17,overcast clouds
592,Dwarka,IN,22.2394,68.9678,26.51,87,100,10.73,overcast clouds
593,Floro,NO,61.5996,5.0328,12.98,100,40,2.57,scattered clouds
594,Bendigo,AU,-36.7667,144.2833,13.81,51,100,1.79,overcast clouds
595,Newport,GB,51.5877,-2.9984,22.51,59,100,2.0,overcast clouds
596,Inuvik,CA,68.3499,-133.7218,19.42,59,40,5.14,scattered clouds
597,Shiyan,CN,32.6475,110.7781,33.45,53,100,0.85,overcast clouds
598,Lahij,YE,13.1667,44.5833,30.22,48,100,1.32,overcast clouds
599,Yelatma,RU,54.9675,41.7508,16.3,84,100,2.18,overcast clouds
600,Tromso,NO,69.6496,18.957,9.01,87,75,5.66,broken clouds
601,Ulladulla,AU,-35.35,150.4667,16.5,43,44,6.07,scattered clouds
602,Urengoy,RU,65.9667,78.3667,12.82,90,100,3.2,overcast clouds
603,Murdochville,CA,48.9583,-65.5006,13.49,94,100,0.85,overcast clouds
604,Parainen,FI,60.3067,22.301,18.27,71,6,2.53,clear sky
605,Bandarbeyla,SO,9.4942,50.8122,25.36,68,48,11.91,scattered clouds
606,Puerto Leguizamo,CO,-0.1934,-74.7819,23.8,80,47,0.14,scattered clouds
607,Pishva,IR,35.308,51.7267,26.97,17,0,3.03,clear sky
608,Saint-Joseph,RE,-21.3667,55.6167,16.23,76,33,6.31,scattered clouds
609,Bemidji,US,47.4736,-94.8803,19.05,90,0,0.0,clear sky
610,Merrill,US,45.1805,-89.6835,17.12,98,100,2.06,mist
611,Caborca,MX,30.5838,-111.101,22.97,78,100,7.5,overcast clouds
612,Middelkerke,BE,51.1558,2.8418,22.23,65,0,3.09,clear sky
613,Klaksvik,FO,62.2266,-6.589,10.51,93,96,4.54,overcast clouds
614,Russell,US,32.3502,-85.1999,24.57,100,0,0.0,clear sky
615,Poum,NC,-20.2333,164.0167,24.08,74,97,10.78,overcast clouds
616,Liberty,US,31.8335,-81.5004,26.1,44,0,0.0,clear sky
617,Pulivendla,IN,14.4167,78.2333,25.83,64,100,8.63,overcast clouds
618,Ulaangom,MN,49.9811,92.0667,19.47,49,18,1.82,few clouds
619,Omaha,US,41.2586,-95.9378,25.7,75,75,3.09,broken clouds
620,Kindu,CD,-2.95,25.95,22.23,81,99,0.52,overcast clouds
621,Bonthe,SL,7.5264,-12.505,24.65,83,100,4.78,overcast clouds
622,Bayugan,PH,8.7561,125.7675,24.99,94,100,1.08,overcast clouds
623,Auckland,NZ,-36.8667,174.7667,15.07,64,75,3.09,broken clouds
624,Lovozero,RU,68.005,35.0117,8.86,75,98,3.55,overcast clouds
625,Anda,CN,46.4,125.3167,24.76,53,100,2.88,overcast clouds
626,Pueblo,US,38.2545,-104.6091,31.42,28,0,3.09,clear sky
627,Kharabali,RU,47.4196,47.2568,25.65,26,26,6.47,scattered clouds
628,Waipawa,NZ,-41.4122,175.5153,11.59,61,0,3.35,clear sky
629,Isangel,VU,-19.55,169.2667,24.32,73,46,7.96,scattered clouds
630,Balykshi,KZ,47.0667,51.8667,23.0,28,0,5.0,clear sky
631,Sargatskoye,RU,55.6101,73.4972,13.27,83,73,7.35,broken clouds
632,Sarangani,PH,5.4033,125.4636,28.58,73,100,2.9,heavy intensity rain
633,Artigas,UY,-30.4,-56.4667,14.98,92,0,3.87,clear sky
634,Minab,IR,27.1467,57.0801,30.18,70,67,0.0,haze
635,Voh,NC,-20.9667,164.7,26.65,53,98,4.22,overcast clouds
636,Nhamunda,BR,-2.1861,-56.7131,25.73,61,48,0.88,scattered clouds
637,Fundacion,CO,10.5207,-74.185,24.17,92,99,0.82,overcast clouds
638,Burnie,AU,-41.0667,145.9167,15.26,65,58,4.16,broken clouds
639,Setermoen,NO,68.861,18.3486,10.98,70,100,0.45,overcast clouds
640,Jieshi,CN,22.8134,115.8257,29.26,74,62,1.71,broken clouds
641,Grootfontein,NA,-19.5667,18.1167,11.76,26,0,2.57,clear sky
642,Venice,US,27.0998,-82.4543,29.01,76,0,4.63,clear sky
643,Bourail,NC,-21.5667,165.4833,24.59,60,95,4.78,overcast clouds
644,Iracoubo,GF,5.4802,-53.2011,26.03,79,42,5.85,scattered clouds
645,Taltal,CL,-25.4,-70.4833,14.13,78,7,1.0,clear sky
646,Manoel Urbano,BR,-8.8389,-69.2597,25.89,57,79,0.51,broken clouds
647,La Ronge,CA,55.1001,-105.2842,22.14,53,20,2.57,few clouds
648,Novaya Igirma,RU,57.1334,103.9112,16.05,52,8,1.38,clear sky
649,Horn,DE,51.8715,8.9451,19.86,77,10,1.84,clear sky
650,Mirabad,AF,30.4362,61.8383,28.95,19,15,10.82,few clouds
651,Khilok,RU,51.3674,110.4676,21.47,42,11,1.64,few clouds
652,Hervey Bay,AU,-25.2986,152.8535,18.64,52,0,1.53,clear sky
653,Beaverlodge,CA,55.2166,-119.4361,14.64,84,100,4.9,overcast clouds
654,Marsh Harbour,BS,26.5412,-77.0636,28.1,65,100,1.0,overcast clouds
655,Ocampo,MX,21.65,-101.5,14.74,85,100,3.4,overcast clouds
656,Dauphin,CA,51.1494,-100.0502,21.08,100,0,2.06,clear sky
657,Megion,RU,61.0296,76.1136,12.01,82,97,8.93,overcast clouds
658,Cuamba,MZ,-14.8031,36.5372,16.63,61,0,2.02,clear sky
659,Tiarei,PF,-17.5333,-149.3333,28.01,76,63,6.28,broken clouds
660,Leninskoye,KZ,41.7589,69.3864,26.19,21,0,1.49,clear sky
661,Maniitsoq,GL,65.4167,-52.9,6.46,79,89,4.64,overcast clouds
662,Ust-Nera,RU,64.5667,143.2,21.91,44,59,2.21,broken clouds
663,Dumbravita,RO,45.7667,25.4333,16.77,82,76,0.59,broken clouds
664,Teknaf,BD,20.8624,92.3058,25.2,93,100,6.49,moderate rain
665,Ugoofaaru,MV,5.6667,73.0,27.36,77,96,3.05,overcast clouds
666,Karaton,ID,-6.3424,106.1045,27.84,73,96,0.39,overcast clouds
667,Malumfashi,NG,11.7853,7.6218,21.11,95,100,3.31,moderate rain
668,Port-Gentil,GA,-0.7193,8.7815,23.46,79,100,6.38,overcast clouds
669,Puerto Wilches,CO,7.3483,-73.896,23.87,92,75,0.64,broken clouds
670,Puerto Colombia,CO,10.9878,-74.9547,28.05,80,100,2.69,overcast clouds
671,Cravo Norte,CO,6.3017,-70.2041,24.53,89,99,1.71,overcast clouds
672,Miles City,US,46.4083,-105.8406,32.54,31,0,3.09,clear sky
673,Tartagal,AR,-22.5164,-63.8013,18.23,52,7,1.59,clear sky
674,Palana,RU,59.1167,159.9667,12.83,87,89,4.67,overcast clouds
675,Shellbrook,CA,53.2168,-106.4011,17.57,84,100,6.48,overcast clouds
676,Mikuni,JP,36.2171,136.1519,27.95,83,80,5.16,light rain
677,Santiago Del Estero,AR,-27.7951,-64.2615,20.09,45,0,4.19,clear sky
678,Karachi,PK,24.9056,67.0822,25.9,89,40,2.57,scattered clouds
679,Balkanabat,TM,39.5108,54.3671,30.15,19,0,4.6,clear sky
680,Chillan,CL,-36.6066,-72.1034,11.18,87,20,5.14,few clouds
681,Katete,UG,-0.7818,29.7544,17.24,81,100,1.03,light rain
682,Road Town,VG,18.4167,-64.6167,29.05,83,20,5.14,few clouds
683,Phayao,TH,19.25,100.25,25.2,87,97,0.88,overcast clouds
684,Mission Bend,US,29.6938,-95.6649,29.5,78,0,3.6,clear sky
685,Matara,LK,5.9485,80.5353,26.67,84,100,4.82,overcast clouds
686,Hami,CN,42.8,93.45,28.42,20,13,4.89,few clouds
687,Tyshkivka,UA,48.4967,30.9423,19.74,52,100,3.78,overcast clouds
688,Mareeba,AU,-17.0,145.4333,26.91,58,53,1.51,broken clouds
689,Kalaleh,IR,37.3807,55.4916,22.78,83,0,0.0,clear sky
690,Agadez,NE,19.75,10.25,30.3,15,25,4.31,scattered clouds
691,Micheweni,TZ,-4.9667,39.8333,23.7,81,6,6.34,clear sky
692,Kahului,US,20.8947,-156.47,33.01,56,40,10.29,scattered clouds
693,Miguel Hidalgo,MX,19.4225,-99.2028,17.67,78,75,3.6,broken clouds
694,Langxiang,CN,46.95,128.8833,23.42,54,18,1.18,few clouds
695,Prado,BR,-17.3411,-39.2208,19.85,70,68,3.17,broken clouds
696,Bukama,CD,-9.2,25.85,19.97,41,7,1.67,clear sky
697,San-Pedro,CI,4.7485,-6.6363,23.22,89,93,2.95,overcast clouds
698,Sovetskaya Gavan,RU,48.9723,140.2878,20.91,64,30,3.18,scattered clouds
699,Te Anau,NZ,-45.4167,167.7167,10.63,57,11,1.66,few clouds
700,Kupang,ID,-10.1667,123.5833,30.19,49,0,3.03,clear sky
701,Zhicheng,CN,30.2956,111.5047,34.06,55,53,2.41,broken clouds
702,Morant Bay,JM,17.8815,-76.4093,28.79,85,52,2.38,broken clouds
703,Uribia,CO,11.7139,-72.266,28.3,69,100,6.96,overcast clouds
704,Stryn,NO,61.9045,6.7226,16.19,86,96,1.62,overcast clouds
705,Lomas De Sargentillo,EC,-1.8833,-80.0833,23.92,83,13,2.83,few clouds
706,Qaracala,AZ,39.8132,48.9523,23.71,60,0,0.34,clear sky
707,Basirhat,IN,22.6685,88.8697,27.99,89,89,8.44,light rain
